{
  "type": [
    "pwa"
  ],
  "name": "App Store",
  "framework": "react",
  "template": "blank",
  "bundler": "vite",
  "cssPreProcessor": "less",
  "theming": {
    "customColor": false,
    "color": "#007aff",
    "darkTheme": false,
    "iconFonts": true,
    "fillBars": false
  },
  "customBuild": true,
  "customBuildConfig": {
    "rtl": false,
    "darkTheme": true,
    "lightTheme": true,
    "themes": [
      "ios",
      "md",
      "aurora"
    ],
    "components": [
      "appbar",
      "dialog",
      "popup",
      "login-screen",
      "popover",
      "actions",
      "sheet",
      "toast",
      "preloader",
      "progressbar",
      "sortable",
      "swipeout",
      "accordion",
      "contacts-list",
      "virtual-list",
      "list-index",
      "timeline",
      "tabs",
      "panel",
      "card",
      "chip",
      "form",
      "input",
      "checkbox",
      "radio",
      "toggle",
      "range",
      "stepper",
      "smart-select",
      "grid",
      "calendar",
      "picker",
      "infinite-scroll",
      "pull-to-refresh",
      "lazy",
      "data-table",
      "fab",
      "searchbar",
      "messages",
      "messagebar",
      "swiper",
      "photo-browser",
      "notification",
      "autocomplete",
      "tooltip",
      "gauge",
      "skeleton",
      "menu",
      "color-picker",
      "treeview",
      "text-editor",
      "area-chart",
      "pie-chart",
      "elevation",
      "typography"
    ]
  }
}
